0	0	-0.462788088987	0.388156806138
1	0	-0.656589499105	0.456971558078
2	0	-0.799644788878	0.751834689357
3	0	-0.259342031721	0.0463493505893
4	0	-0.628377384789	0.378575072054
5	0	-0.939066641235	0.368116775203
6	0	-0.634955279604	0.271742446631
7	0	-0.692867383853	0.120499745375
8	0	-0.786872274984	0.286669659228
9	0	-0.834358556183	-0.0373749661994
10	0	-0.750606896611	0.287888412004
11	0	-0.623078544475	0.423677821765
12	0	-0.59288170382	0.43260725889
13	0	-0.686759791459	0.345260123683
14	0	-1.07822071505	0.374886278987
15	0	-0.595112836242	0.325171988731
16	0	-0.630575017016	0.360517257514
17	0	-0.563870786701	0.77767869036
18	0	-0.276516714017	0.57438491138
19	0	-0.640766849489	0.247630970248
20	0	-0.820846957411	0.443553679197
21	0	-0.656330246194	0.515021609949
22	0	-0.668771195997	0.386769274458
23	0	-0.952260695485	0.577663782341
24	0	-0.779173356924	0.305751231124
25	1	0.677956585166	2.07670309748
26	1	1.06275604636	1.62026671688
27	1	0.899774000689	1.59840104623
28	1	1.5090833994	1.77807087596
29	1	0.961665189785	1.65834058757
30	1	1.45831238448	1.8380880511
31	1	1.22972913916	1.60715369144
32	1	0.988404689884	1.46361314636
33	1	1.08775618266	1.4717451278
34	1	0.829033169926	2.04387411479
35	1	1.03469748621	2.03866571545
36	1	0.726567036174	2.25381400285
37	1	1.24526560911	1.77184336578
38	1	1.00305950134	1.89777863985
39	1	1.0304136225	1.80096726203
40	1	0.895524195087	2.28888513072
41	1	0.94548874945	1.80760676781
42	1	0.71049560769	2.05280724679
43	1	1.1851713132	1.8119644031
44	1	0.97059406832	1.73069433842
45	1	1.45810649979	1.83870027725
46	1	1.39521685712	2.0504996402
47	1	1.1404029521	2.30790392578
48	1	1.01806953706	1.72391615364
49	1	0.997830889314	1.73053740174
50	2	-0.460821401886	-3.98887582733
51	2	-0.669466222257	-4.06634345218
52	2	-1.01714866611	-3.78910301505
53	2	-0.742837189232	-4.51261991736
54	2	-0.649484925059	-3.95239354346
55	2	-0.631178286226	-4.25100734546
56	2	-0.74336581995	-3.799415439
57	2	-0.9640355744	-3.55671994175
58	2	-1.10239376096	-3.85647418147
59	2	-0.661038397344	-4.05922376626
60	2	-0.227234210218	-3.83556933344
61	2	-0.627487406814	-4.07064739029
62	2	-0.509123756297	-3.96983219684
63	2	-0.873768588633	-4.12360554866
64	2	-0.678799200489	-3.95636302434
65	2	-0.775305760968	-4.01292698205
66	2	-0.706487119006	-4.00318626338
67	2	-1.07905810321	-4.04540089559
68	2	-0.632764573157	-4.24473560183
69	2	-0.767471605217	-4.08085152479
70	2	-0.92024937798	-3.8512527876
71	2	-0.754462794153	-3.83699069703
72	2	-0.695725231735	-4.10661277125
73	2	-0.66827777561	-4.00838241232
74	2	-0.669725723311	-4.43294085159
75	3	-0.564482232118	6.50427154467
76	3	-0.547509211949	7.18329253903
77	3	-0.248767964701	7.06522072574
78	3	-0.515947509763	6.93368892619
79	3	-0.490651764245	7.41602550387
80	3	-0.778517073263	6.662445721
81	3	-0.78706511945	6.77382979202
82	3	-0.565617355256	6.95382043457
83	3	-0.296288315895	7.28819866806
84	3	-0.66893761092	6.93285075035
85	3	-0.727673452345	7.30714006219
86	3	-0.59876042147	6.75145333163
87	3	-0.578437432094	7.2523861586
88	3	-0.625756370839	7.14695707064
89	3	-0.375748944568	7.38053976693
90	3	-0.761721192177	6.52386865726
91	3	-0.568626172836	6.9450692479
92	3	-0.207187266052	6.83994979675
93	3	-0.284644323586	6.58174443128
94	3	-0.750359337091	7.21823322936
95	3	-0.656061774772	6.97848234409
96	3	-0.472959583332	7.24861582069
97	3	-0.616513786371	6.51420881568
98	3	-0.430462730976	7.02350252477
99	3	-0.417929218614	6.72885986116
100	4	-2.40396271366	-8.44461079436
101	4	-2.65308116998	-7.68612109828
102	4	-2.87349756892	-8.14478884924
103	4	-2.54932145343	-8.08343931934
104	4	-2.6675397566	-8.18648018328
105	4	-2.68621606086	-8.19528810905
106	4	-2.58359035606	-8.19506018395
107	4	-2.6676199761	-8.20527015001
108	4	-2.42536973783	-7.88435664218
109	4	-2.90485659266	-8.1797147431
110	4	-2.68335082782	-8.14992442745
111	4	-3.04611301051	-7.8080922476
112	4	-2.69400435865	-8.09957354591
113	4	-2.79571639316	-8.67724706366
114	4	-3.01454454509	-8.26005340211
115	4	-2.34249503852	-7.84753268812
116	4	-2.45278971124	-7.90795511594
117	4	-2.88209225973	-8.27402488758
118	4	-2.70244980282	-8.59494176215
119	4	-2.49215468834	-8.14432971788
120	4	-2.75024267939	-8.29641711754
121	4	-2.79365125579	-8.20986867891
122	4	-2.73699985415	-8.28957932575
123	4	-2.84754800399	-8.30008462139
124	4	-2.4716140398	-8.05369219239
125	5	4.17265966566	10.1560875293
126	5	4.35249444967	9.76985457146
127	5	4.61690204215	9.75751801458
128	5	4.58501924539	10.02331452
129	5	4.50777756188	10.4925179659
130	5	4.70180838166	10.043880511
131	5	4.68336932595	10.2575752862
132	5	4.74115041326	10.102652177
133	5	4.99935051229	9.82261801067
134	5	4.64418560235	10.0219359114
135	5	4.75068391953	9.87839336554
136	5	4.70566462129	10.2122629256
137	5	4.55384731757	9.87859619615
138	5	4.84546385809	9.51585342456
139	5	4.32534591489	10.3210258672
140	5	4.65079200929	10.0411006269
141	5	4.77764343305	9.50207471959
142	5	4.65131013723	10.0122148173
143	5	4.46863937614	10.2513536504
144	5	5.07783849053	9.74592434928
145	5	4.80261471555	10.1202506779
146	5	5.01990322122	10.3047032257
147	5	5.11299571128	10.2632265278
148	5	4.79030515497	9.99828506021
149	5	4.89598102841	10.1453593418
150	6	7.95456664484	-9.82827950121
151	6	8.25374607339	-9.46391553354
152	6	7.83205842748	-9.86101234767
153	6	8.25318210362	-9.56021972031
154	6	7.98806110653	-9.32323402268
155	6	8.4419978058	-9.51541610964
156	6	7.71460952725	-9.86473728908
157	6	8.42768719472	-9.91128948897
158	6	7.88304608622	-9.76081054048
159	6	8.20666517968	-9.72995165215
160	6	8.09173399962	-9.6259306228
161	6	8.13934029248	-9.76170605829
162	6	7.92932010034	-9.70904444542
163	6	8.54693006502	-9.71670094086
164	6	8.11660324195	-9.6592352979
165	6	7.96889457319	-9.64811571813
166	6	7.75260481488	-9.71528258767
167	6	8.2696483342	-9.65283887752
168	6	7.73256760362	-9.63188009191
169	6	8.02592135576	-9.57151102798
170	6	7.94345704131	-9.88375766752
171	6	8.10141955562	-9.73122561726
172	6	8.22575485282	-9.92262564092
173	6	8.33351169279	-9.55218651192
174	6	8.00933310516	-9.40407955648
175	7	-15.0051429571	-5.00353089232
176	7	-14.7267890822	-5.336484517
177	7	-15.0560099888	-5.0199269099
178	7	-15.0548048184	-5.31306040154
179	7	-15.1881808724	-5.00660666488
180	7	-14.795333419	-5.18019830084
181	7	-14.9472568901	-5.21279473845
182	7	-15.1323180329	-4.9931336941
183	7	-15.0765178548	-4.99514217501
184	7	-14.7440247219	-4.74479238589
185	7	-14.7696613654	-4.88124462944
186	7	-15.0544167579	-5.05230534847
187	7	-14.6787346544	-5.15043976469
188	7	-15.2025009775	-5.07419016361
189	7	-15.172037832	-5.0534587909
190	7	-14.5674674266	-4.83619286346
191	7	-15.1162905933	-5.18592013517
192	7	-15.0435861606	-4.9859547974
193	7	-15.0086330608	-5.33305374562
194	7	-15.4357730337	-4.60527526755
195	7	-15.2177751729	-5.13790836368
196	7	-15.0253335016	-4.63762361324
197	7	-15.1853082479	-4.59599276032
198	7	-15.5874979574	-5.19026129946
199	7	-15.0534571001	-4.78234383199
200	8	-16.4970160488	7.65845858745
201	8	-16.2806936739	7.58730873289
202	8	-16.8814393503	7.2714309753
203	8	-16.6017863492	7.64244845369
204	8	-16.7630295635	7.7007805868
205	8	-16.877587139	7.20808079721
206	8	-16.2111319189	7.92506078617
207	8	-16.5082047454	7.69511551123
208	8	-16.3749779626	7.61551245604
209	8	-16.6341886318	7.73690767326
210	8	-16.6602399189	7.88476015477
211	8	-16.639454324	7.87595818902
212	8	-16.6083735024	7.7188561267
213	8	-16.7488310497	7.39561677239
214	8	-16.3729781787	7.63958647811
215	8	-16.6448075393	7.70110372195
216	8	-16.6456777983	7.70882123308
217	8	-16.6092677164	7.23106628314
218	8	-16.5814657231	7.87829068412
219	8	-16.716716735	7.93476794127
220	8	-16.3984538092	8.01658433989
221	8	-16.6551475563	7.67194518399
222	8	-16.386642385	7.7964894977
223	8	-16.6352617258	7.68265498105
224	8	-17.0094967827	7.69942464041
225	9	17.5188326679	7.59917557471
226	9	17.6580944078	7.67074590144
227	9	18.0410501668	8.21485082008
228	9	17.7370915535	7.79215037085
229	9	17.3085046539	8.03482431485
230	9	17.4684441652	7.89719434603
231	9	17.4478567843	7.78071921509
232	9	17.5485191909	7.55388345356
233	9	17.6627292404	7.89165268075
234	9	17.6994133968	7.79243829095
235	9	18.0886144256	8.16116045499
236	9	17.6133327622	7.43586078852
237	9	17.6077289121	7.28059970064
238	9	17.2329582759	7.86190666884
239	9	17.8640788656	8.27629895607
240	9	17.9778986833	7.76258836957
241	9	17.7898316338	7.78161145045
242	9	17.6453875315	8.17791093261
243	9	17.596388363	7.74022392951
244	9	17.8376327225	8.19170546167
245	9	17.7582770532	8.17950006091
246	9	17.5421426693	7.63174503007
247	9	17.8779216748	7.63265205145
248	9	17.6481926276	7.52075021975
249	9	17.7707657103	7.76203400327
250	10	-14.6900593135	17.5197241183
251	10	-14.9456883051	17.4301497362
252	10	-15.0221168479	17.3054313316
253	10	-14.6292330123	17.417274566
254	10	-14.7602565788	17.3547070146
255	10	-14.8596074697	17.3384895592
256	10	-14.5721625745	17.1801256557
257	10	-14.7297600525	17.1382891752
258	10	-14.648778498	17.7987522302
259	10	-14.8706827355	16.8648584815
260	10	-14.7205948211	17.2420680804
261	10	-14.861258977	17.4889701768
262	10	-14.3105598734	17.0267698197
263	10	-14.6875523927	17.1052583935
264	10	-14.9506104832	17.2931378106
265	10	-14.7046599841	17.2734622285
266	10	-14.6239891602	17.392376163
267	10	-14.7094110009	17.2918988876
268	10	-14.5502826223	17.5178122412
269	10	-15.1681330067	17.4339983678
270	10	-14.5614548771	17.4210054291
271	10	-14.2842724688	17.2229237087
272	10	-14.6335990989	17.41003487
273	10	-14.6126916504	17.4741886113
274	10	-14.4845277306	17.1574993621
275	11	-21.0691757908	14.1467224203
276	11	-21.0396172387	13.8297241014
277	11	-20.4814398587	13.4991134655
278	11	-20.4985910322	13.4989550512
279	11	-20.6419507164	13.8161002547
280	11	-21.1083973502	13.9033615149
281	11	-21.0012871006	14.1643660404
282	11	-21.1727420267	13.5623948406
283	11	-20.6661589033	14.0703271375
284	11	-20.9024590152	13.7503429603
285	11	-20.4548173572	13.734823683
286	11	-20.7920561403	13.4771906231
287	11	-20.9688958222	13.7880793812
288	11	-20.9962863585	13.4240795753
289	11	-20.8743075953	13.7860122572
290	11	-20.5965204431	13.7331302461
291	11	-20.438924014	13.712826961
292	11	-20.3014222435	13.7578830445
293	11	-21.0624206937	13.4273472556
294	11	-20.6553357949	13.9633285156
295	11	-20.5947072987	13.6344882126
296	11	-21.0684223336	13.8670092259
297	11	-20.8340975215	13.7684856881
298	11	-20.8062449622	13.4159227941
299	11	-20.6028947945	13.4599041074
300	12	21.6480723291	14.5420893457
301	12	21.7028159106	14.3034721441
302	12	21.4655717494	14.4602689545
303	12	21.5894713969	14.1495886254
304	12	22.2193453263	14.4517506609
305	12	21.6853514547	14.4105986033
306	12	21.87051149	14.1607160371
307	12	22.126112816	14.3755861084
308	12	21.4700667433	14.1106854461
309	12	21.4762162512	14.8125573124
310	12	21.581180643	14.1244760737
311	12	21.6126837582	14.6611785864
312	12	21.5195987031	14.4164837485
313	12	21.852288536	14.4016409549
314	12	21.6065425945	14.8677309056
315	12	21.5933714912	14.3169195127
316	12	21.6116854027	14.2264635364
317	12	21.6366106796	14.3514949498
318	12	22.1982018617	14.3790718403
319	12	22.0188139733	14.3173188667
320	12	21.5371039003	14.3253245656
321	12	21.4152679689	14.5109137056
322	12	21.4946276611	14.2707256724
323	12	21.6627925887	14.3917380063
324	12	21.9807124199	14.4189681561
325	13	5.87460138953	-27.4993529684
326	13	6.00715943671	-27.3793536086
327	13	5.91926271224	-27.5145223597
328	13	6.09684280786	-27.6828724461
329	13	5.65806119777	-27.0531665489
330	13	6.04125679092	-27.5503266737
331	13	5.67806677663	-27.4912009695
332	13	5.76911390414	-27.6576652046
333	13	6.00110925562	-27.5641018313
334	13	6.05768171516	-26.968162286
335	13	5.85534489497	-27.9227653148
336	13	5.76094335476	-27.8426362394
337	13	5.69422668253	-27.3088844024
338	13	5.91773125902	-27.4435435551
339	13	5.85177141223	-27.555460778
340	13	5.88409371949	-27.3851412605
341	13	5.83218367445	-27.7727642584
342	13	5.38597984268	-27.3209670191
343	13	5.92012947634	-27.6810307238
344	13	5.62223861664	-27.6960359968
345	13	5.87843371164	-27.8829085537
346	13	6.02217852792	-27.1996032664
347	13	5.85349270691	-27.5798676462
348	13	5.71402613632	-27.4312252048
349	13	6.23060984258	-27.7121916613
350	14	28.6266399328	-8.99096673961
351	14	28.7188482371	-8.64750251638
352	14	28.3512080384	-9.35616666336
353	14	28.478561356	-8.88957950408
354	14	28.2022127777	-8.87412640175
355	14	28.722899087	-8.71025717249
356	14	28.8144425812	-8.75673806776
357	14	29.1688486431	-8.77686676646
358	14	28.4047806867	-9.13172972159
359	14	28.8670336601	-8.77694227625
360	14	28.9333379046	-8.81887072828
361	14	28.6529836486	-9.1430368171
362	14	28.3467450843	-9.2929990696
363	14	29.2205340293	-9.18641297694
364	14	28.6018828528	-8.94646607305
365	14	28.332697404	-8.61765848669
366	14	28.423740491	-9.06384195433
367	14	28.9865695059	-8.52076615238
368	14	28.7734470828	-8.96137750534
369	14	28.4119711654	-8.7746668927
370	14	28.2024215797	-9.0356728195
371	14	28.8213328027	-8.90711945382
372	14	28.5851025989	-8.67373688068
373	14	28.7561009856	-8.95502480745
374	14	28.7709790368	-9.08865884046
375	15	4.56087641552	-32.4563997021
376	15	4.39796565458	-31.9259625375
377	15	4.60028872939	-32.2827003618
378	15	3.92230220062	-32.0127864231
379	15	4.66562911689	-31.9057874136
380	15	4.31702487032	-32.1375685156
381	15	4.38468468794	-32.2656231867
382	15	4.50957458848	-32.3382627174
383	15	3.9234387006	-32.2004539499
384	15	3.93999630933	-32.0303945137
385	15	4.39079633403	-31.9299233618
386	15	3.88332361559	-32.3961943565
387	15	4.17541136959	-32.6410300087
388	15	4.4688859862	-32.5155352365
389	15	4.59497090522	-32.3612338207
390	15	4.26172801173	-32.381653275
391	15	4.20373174622	-31.9519965496
392	15	4.03281416399	-32.2619651412
393	15	4.28180040653	-32.2858127439
394	15	4.64214539006	-31.7656552784
395	15	4.54242969139	-32.0165978955
396	15	4.4461756186	-32.2619822782
397	15	4.58007544839	-31.8683396816
398	15	4.55228211928	-32.5652363045
399	15	4.63928410513	-32.0754848253
400	16	34.5140295239	2.45239374683
401	16	34.6934500936	2.67663088756
402	16	34.5323618766	2.2466777918
403	16	34.2452777124	2.19946483998
404	16	34.4797788765	2.99495053851
405	16	34.5269778294	2.46436907938
406	16	34.4684384971	2.07476579577
407	16	34.3447015689	2.42009515017
408	16	34.6765035187	2.05717049847
409	16	34.6550296378	2.69333244265
410	16	34.6584529838	2.84349829008
411	16	34.4944937505	2.41638359405
412	16	34.5034491576	2.91838831281
413	16	34.9250897466	2.61964865031
414	16	34.7195300847	2.96086279192
415	16	35.0261430622	2.46984812361
416	16	34.6779484511	2.81778725168
417	16	34.6594343752	2.10499874277
418	16	34.3754592239	2.97820910047
419	16	34.4560659654	2.57863124415
420	16	34.7096521792	2.49558650539
421	16	34.6352182084	2.38192826043
422	16	34.4789651222	2.38334433718
423	16	34.6779955248	2.43998754928
424	16	34.9359996711	2.12922202819
425	17	-36.2985404423	-10.7443718538
426	17	-36.6647514418	-10.7574763568
427	17	-36.2885970364	-10.9702041799
428	17	-36.7799328678	-10.7824857586
429	17	-35.9060588953	-10.6746148947
430	17	-36.3760965823	-10.6350767509
431	17	-35.9430895271	-11.2711427522
432	17	-36.2672392266	-10.9664640867
433	17	-36.0220562357	-10.9116231931
434	17	-36.7465412205	-11.0538862676
435	17	-36.3284349789	-10.7328944874
436	17	-36.2989595466	-10.9994291576
437	17	-36.6090946956	-11.3805905583
438	17	-36.6483095799	-10.9282640794
439	17	-36.5436638939	-10.8522581746
440	17	-36.6461351549	-10.7717490405
441	17	-36.2178343123	-10.9297271219
442	17	-36.3818867295	-11.3346202795
443	17	-36.6558799734	-10.7124734207
444	17	-36.3110137812	-10.9884971528
445	17	-36.3597888464	-10.9905735765
446	17	-36.2379389106	-10.4365313104
447	17	-36.65190877	-10.9064789957
448	17	-36.2167572101	-11.0159266294
449	17	-36.2971815076	-10.9782127487
450	18	38.4322515931	-7.87207513449
451	18	38.4080049359	-8.13442362512
452	18	38.1327039952	-7.76780174775
453	18	38.1782877125	-8.05594280995
454	18	38.1330700467	-7.53910599368
455	18	38.6459969204	-7.83807327431
456	18	38.2455147567	-7.61657471405
457	18	38.3272152779	-7.84009744415
458	18	38.195285806	-7.73391460998
459	18	38.3528797243	-7.62261985586
460	18	38.2912299937	-7.95188079178
461	18	38.0136070137	-7.90263693143
462	18	38.0487256565	-7.87673490928
463	18	38.1747798749	-7.72061531682
464	18	38.0545086242	-7.57783933343
465	18	38.1569585898	-8.02335869616
466	18	38.6438398151	-7.60145006458
467	18	38.0656234951	-7.86789982585
468	18	38.1883565732	-7.81020315343
469	18	38.1716863691	-7.81769744361
470	18	38.0215596544	-7.76871296403
471	18	38.2746940674	-7.89105818701
472	18	38.5192026554	-7.51936928706
473	18	37.8218015463	-7.98274811995
474	18	38.1116446689	-7.71851707363
475	19	23.5395724328	-34.0770870641
476	19	23.7850943349	-33.4198665723
477	19	23.2687253791	-33.6607206285
478	19	24.0822436587	-33.6235430427
479	19	23.4844535422	-34.1529602926
480	19	23.9445715462	-34.080065807
481	19	23.6181203782	-33.6495418997
482	19	23.4375423267	-33.2695719365
483	19	23.8594322061	-34.0477528463
484	19	23.9513919995	-33.6253899976
485	19	23.3068820686	-33.823941042
486	19	23.6263879998	-33.665482426
487	19	23.664115218	-33.7108134635
488	19	23.6293733877	-33.813816074
489	19	23.7865741161	-33.8098524004
490	19	23.5303592282	-33.6828322683
491	19	23.8426186216	-33.8041265868
492	19	23.8575822257	-33.8229658294
493	19	23.7719520502	-33.3365288474
494	19	23.6342919505	-33.6674714434
495	19	23.3584558352	-33.272232505
496	19	23.9625845482	-33.982178451
497	19	23.8692596483	-33.4818124021
498	19	23.8925238647	-33.9689037253
499	19	23.5275265592	-33.7222366955
500	20	-32.5741273196	-29.6650031314
501	20	-32.4878177621	-29.9672619995
502	20	-32.5653123809	-30.2178485175
503	20	-32.6409169064	-30.083157263
504	20	-32.2246652397	-29.5048546395
505	20	-32.5452898365	-29.970349145
506	20	-32.3877520325	-29.5950941233
507	20	-32.5285830151	-29.8992189092
508	20	-32.7697817411	-29.7378216621
509	20	-32.1551043241	-30.2613277409
510	20	-32.8695392358	-30.271687852
511	20	-33.0514709374	-29.7163661733
512	20	-32.0711165137	-29.8598101571
513	20	-32.3003973192	-29.5091944706
514	20	-32.1333487828	-29.9607290731
515	20	-32.5440551638	-29.7626136936
516	20	-32.5075917257	-29.9674739406
517	20	-32.3963605636	-30.297142027
518	20	-32.2599136864	-29.7912681778
519	20	-32.808173751	-29.9746415673
520	20	-32.1010953513	-30.1377395576
521	20	-32.5072855863	-29.8705007835
522	20	-32.9498728014	-29.60946012
523	20	-32.8258091859	-30.2920976084
524	20	-32.5961724618	-29.925633189
525	21	25.7765525582	-37.6127151743
526	21	25.788220751	-37.7847715386
527	21	25.5977890085	-37.444446503
528	21	26.263865115	-37.2836218697
529	21	25.8103734521	-37.8813917818
530	21	25.8905360447	-37.4995068597
531	21	26.3378372422	-37.2577482342
532	21	26.2475091042	-37.277055801
533	21	25.4636723863	-37.671710971
534	21	25.9103727788	-37.5138060483
535	21	26.1152895558	-37.3884765575
536	21	26.0490986331	-37.6897552191
537	21	25.5189567965	-37.5761610584
538	21	26.1166606092	-37.6367194765
539	21	25.9378099627	-37.4119442548
540	21	26.2159857616	-37.1231312517
541	21	25.7172500083	-37.6149539689
542	21	25.9719310502	-37.225003107
543	21	25.5661730042	-37.6080092563
544	21	25.3680810908	-37.6265363886
545	21	26.0039293877	-37.8462114595
546	21	26.3789848193	-37.2279957451
547	21	25.7170753336	-36.9938091317
548	21	25.6891756896	-37.5164294724
549	21	25.9952891931	-37.8065385128
550	22	45.6273444501	14.728056047
551	22	45.6658346071	14.7464013284
552	22	45.8633865438	15.0486586493
553	22	45.5153548294	14.7505878053
554	22	45.6329621098	14.7235919567
555	22	45.8220055847	14.591403586
556	22	45.8439389965	14.5912160847
557	22	45.5852920933	14.6795799622
558	22	45.6143029692	14.6831359583
559	22	45.9271053663	14.2443122806
560	22	45.5481475916	15.2065629257
561	22	45.6576542877	14.8958684724
562	22	45.6084747724	14.6285188062
563	22	46.0917096368	14.8037299346
564	22	45.9623359587	14.9470100389
565	22	45.3478349815	14.4276472646
566	22	45.5359113075	14.7328756629
567	22	45.8927251761	14.9811376847
568	22	45.6143451089	14.9093897162
569	22	45.5999977632	14.3951966185
570	22	45.8423249149	14.3971819014
571	22	45.6442606732	14.3395321248
572	22	45.2161690837	14.7848472161
573	22	45.6833881262	14.6113598811
574	22	45.734378324	14.2017232557
575	23	-10.1504241657	50.3937388282
576	23	-9.64522503035	49.8547043035
577	23	-10.1623210869	50.0894723201
578	23	-9.80218375568	49.9235543301
579	23	-9.37514709155	50.1594066038
580	23	-9.53636220156	50.4568882623
581	23	-9.93483518511	50.0206336932
582	23	-9.93467812973	50.6068358636
583	23	-10.2441382057	50.0765399887
584	23	-9.91362970132	49.9958850703
585	23	-9.65030312337	50.0453749705
586	23	-9.80762840667	49.8629214078
587	23	-10.0443290249	50.0506050144
588	23	-9.85825300797	50.1496137837
589	23	-9.81029545126	49.9049823406
590	23	-9.81591086811	50.1515589242
591	23	-9.60146863452	50.344582331
592	23	-10.1502168418	50.1181253973
593	23	-9.93313081751	50.3714358212
594	23	-9.31974581357	50.2147894933
595	23	-9.4153611741	50.4322417742
596	23	-9.72743057548	50.5001700397
597	23	-9.83951258901	50.4043378107
598	23	-9.78460407616	50.0157377589
599	23	-9.67712952104	50.222556482
600	24	-41.576315511	34.2851258074
601	24	-41.4399302561	34.4687354535
602	24	-40.8228392898	34.0657029503
603	24	-41.4029412256	33.9221291106
604	24	-40.9563603455	34.5377756563
605	24	-41.1628360825	33.9875491834
606	24	-41.3039827188	34.2812896231
607	24	-41.3598155766	34.2753089507
608	24	-41.5712977048	34.4813660435
609	24	-41.1678147676	34.304378873
610	24	-41.4732615508	34.1312745246
611	24	-41.1594354204	34.2596358747
612	24	-40.992358569	34.4166517679
613	24	-41.3730570501	34.3451853359
614	24	-40.7266061329	34.0587429108
615	24	-41.1463862899	34.4806317047
616	24	-41.1573521316	34.2493976419
617	24	-41.2717012488	34.1957321295
618	24	-41.5023346903	34.3535538833
619	24	-41.28896567	34.2668229275
620	24	-41.1947992707	33.8873036977
621	24	-41.2844941457	33.9398626473
622	24	-41.1821130909	34.2244007319
623	24	-41.1967166193	34.4587457488
624	24	-40.9945089508	34.6938418014
625	25	-1.30892439051	-54.6077751799
626	25	-0.946735709627	-54.2367044401
627	25	-0.971055015188	-54.8708646956
628	25	-0.981535164464	-54.5634734433
629	25	-0.814079144507	-54.5435046688
630	25	-0.972774705761	-54.6532844749
631	25	-0.964246536345	-54.6595047167
632	25	-1.42234272464	-54.7302471178
633	25	-0.673861848651	-54.9457636303
634	25	-0.629607162126	-54.4053097845
635	25	-1.28707109942	-54.9988474805
636	25	-1.071710827	-54.2065760175
637	25	-0.802762545288	-54.5623934261
638	25	-0.94617543606	-54.2796084437
639	25	-1.05747817089	-54.4046304225
640	25	-0.986854253996	-54.6195700861
641	25	-1.23840500314	-55.0855797815
642	25	-1.06218948344	-55.0165909078
643	25	-0.943970335175	-54.5994628326
644	25	-0.651223845406	-54.5434821549
645	25	-0.839229997359	-54.7301646841
646	25	-0.970131240862	-54.648308484
647	25	-0.664597414619	-54.6716437609
648	25	-0.910373321244	-54.1199999927
649	25	-1.37235972445	-54.4717977817
650	26	8.94234865063	56.4227046274
651	26	9.18871277517	56.546124561
652	26	9.32930928359	56.7720795851
653	26	9.53871726791	56.8264890186
654	26	9.53731528197	56.5892854663
655	26	9.36138247134	56.383946144
656	26	9.17776094052	56.6986429345
657	26	9.24472055734	56.6975080971
658	26	9.23049247971	56.7507579008
659	26	9.1401390469	56.67062226
660	26	8.83623528733	57.0268495584
661	26	9.2086707083	56.5275285236
662	26	9.07946926588	57.0479686379
663	26	9.29762712905	56.4717277082
664	26	9.28577566742	56.7416822615
665	26	9.38490854879	57.1304019179
666	26	9.30552564742	56.8961134899
667	26	9.26048581992	56.6772801063
668	26	8.73179615553	56.7704081004
669	26	9.25845091021	56.6650963232
670	26	9.17134675938	56.6536973383
671	26	9.27940536159	56.2511945791
672	26	9.00965105365	56.6949902649
673	26	8.67815221886	56.6849324637
674	26	9.16395580338	56.6833057878
675	27	-58.1439653733	17.0089579595
676	27	-57.6308532479	16.8918642357
677	27	-57.7358956596	17.0243970922
678	27	-57.6599233186	17.0350486448
679	27	-57.6914601555	16.9723639297
680	27	-57.8714188123	16.9621159658
681	27	-58.0039764359	17.4457396023
682	27	-57.7796497871	16.8577150965
683	27	-57.8853426145	16.7538262751
684	27	-57.8720547289	16.6261058015
685	27	-57.6214631074	16.9292317099
686	27	-57.6172184557	17.0957397248
687	27	-57.7982196582	16.9362877738
688	27	-57.66954765	16.9931344665
689	27	-57.4131003742	17.0553469791
690	27	-57.5634429473	16.4781417405
691	27	-57.6778373159	16.8531648005
692	27	-57.876617925	16.9689473617
693	27	-57.4018252119	16.7714429094
694	27	-57.6988531479	16.8847828959
695	27	-57.4853564969	16.9178011512
696	27	-57.575196649	17.160462165
697	27	-58.0519453047	17.268702873
698	27	-57.5121688898	17.1073697109
699	27	-57.8814560618	16.9862046391
700	28	12.4349788893	-59.9711173099
701	28	12.64460869	-59.862592938
702	28	12.7469300425	-59.7581927676
703	28	12.3876376659	-59.5778877164
704	28	12.3888831424	-59.6761768782
705	28	12.6899739226	-60.011869202
706	28	12.7192316666	-60.0230326624
707	28	12.4344128388	-59.7984098846
708	28	12.2164123548	-59.7221050876
709	28	12.5570657529	-59.8014578877
710	28	12.7167158045	-60.0567287553
711	28	12.3721348997	-59.5465006819
712	28	12.7528655029	-59.8025791882
713	28	12.3936413145	-59.9988876618
714	28	12.361874146	-59.9519034477
715	28	12.6217856375	-59.8022525733
716	28	12.7169214107	-60.2246777395
717	28	12.4804207137	-60.0930967069
718	28	12.5368106656	-59.8167284703
719	28	12.8480412154	-59.8506802448
720	28	12.8707347737	-59.6551569772
721	28	12.5337937839	-59.8309362357
722	28	12.5649619491	-59.7943174801
723	28	12.8012347951	-59.3966974632
724	28	12.6339546358	-59.820225022
725	29	24.3726375721	59.03849217
726	29	24.7089967872	59.1582081368
727	29	24.5864717323	59.0306860113
728	29	24.9233437353	58.7093700709
729	29	24.4782961827	58.9042767431
730	29	24.4141912691	58.8397823648
731	29	24.7511241421	59.3360865356
732	29	24.6365010807	58.7895341305
733	29	24.5582558879	59.1195857173
734	29	24.1473388883	59.2052928536
735	29	24.5816381025	59.1688647668
736	29	24.41090888	58.861105529
737	29	24.6513722131	58.6679016412
738	29	24.5677645967	58.9873326599
739	29	24.729933137	58.946227554
740	29	24.4995432572	58.8354366807
741	29	24.4801980279	59.1827364523
742	29	24.7504863949	58.8878326157
743	29	24.8223891157	59.0487700344
744	29	24.5162484886	58.8438475316
745	29	24.6328262174	58.8468393352
746	29	24.5909121157	58.9519066343
747	29	24.0571984709	58.8005975959
748	29	24.2134550236	58.6526723111
749	29	24.7895464723	58.5909346153
750	30	-64.9202039715	-14.6674991977
751	30	-65.0528912036	-15.1144988719
752	30	-64.6918652199	-14.6706346076
753	30	-64.9466737952	-14.576421504
754	30	-64.9059133211	-14.8901251063
755	30	-64.8209278214	-14.6055301276
756	30	-65.0169779339	-14.3446748257
757	30	-64.4581191591	-14.9084834016
758	30	-65.0769588076	-14.735493582
759	30	-64.8758815208	-14.9121851765
760	30	-64.6658394798	-14.59934738
761	30	-65.2814183687	-14.3443182627
762	30	-65.1231172839	-14.9835459594
763	30	-65.1812165041	-14.6416406475
764	30	-64.8974201657	-14.634767503
765	30	-64.8861631251	-14.2307210571
766	30	-64.7345964361	-14.6705088165
767	30	-64.7535478681	-14.5279543093
768	30	-64.7279045601	-14.9049272069
769	30	-65.3266659485	-14.7892782326
770	30	-64.9221709215	-14.6828845497
771	30	-65.2267921189	-14.6608238107
772	30	-64.9374530753	-14.6597648155
773	30	-64.9753224027	-14.5227625263
774	30	-65.0392728791	-14.6404585708
775	31	56.9738284889	-36.2273114838
776	31	57.048177428	-35.9709877089
777	31	57.2266653087	-35.9695688809
778	31	57.4276988976	-35.7279133327
779	31	57.079074931	-35.8140921446
780	31	56.8240018673	-35.6731864888
781	31	57.0139316087	-35.879089347
782	31	57.1095068659	-35.9677343762
783	31	57.6445741286	-35.8148027133
784	31	57.5487580842	-35.9517855585
785	31	56.8234632684	-36.0612305687
786	31	57.1131816614	-35.7425160586
787	31	57.3021839542	-36.4623604265
788	31	56.668999404	-36.1636770113
789	31	57.406513645	-35.5500034034
790	31	57.1154603723	-35.9400525682
791	31	57.1137084511	-35.5822966824
792	31	57.3125402864	-36.1106299146
793	31	57.3481742744	-35.8523968469
794	31	56.7669602294	-36.1050352757
795	31	57.126861029	-35.8241246907
796	31	56.8182216807	-36.1438126759
797	31	56.9765228115	-36.1586240809
798	31	56.8098422675	-36.0176573547
799	31	57.0641015264	-36.1289483368
800	32	62.3354869867	32.0591520421
801	32	62.2727575745	31.4793032055
802	32	62.4298933888	31.7745075506
803	32	62.3609394698	31.8769734084
804	32	62.2863377026	32.01312509
805	32	62.2715026308	31.5179518931
806	32	62.2945266084	31.7404014836
807	32	62.6701949807	31.4139976166
808	32	61.9993637471	31.5885775656
809	32	62.1211972501	31.6865274322
810	32	62.4130261298	31.8012004179
811	32	62.4478037795	31.8297719889
812	32	62.3420710437	31.9074764932
813	32	62.6552231336	31.9054112496
814	32	62.426590333	31.8140232624
815	32	62.8243312195	31.5442221712
816	32	62.6067533898	31.8307432537
817	32	62.1450794786	31.7305061877
818	32	62.1230478116	32.1942941523
819	32	62.4054117836	31.5362852742
820	32	62.6108875511	31.87017386
821	32	62.2806707795	31.3741900759
822	32	62.3340795991	31.7924373284
823	32	62.3991223371	31.9088395789
824	32	62.3821848505	31.7995354728
825	33	27.7693853095	-66.3822148475
826	33	27.951792101	-66.4780884526
827	33	27.6707215501	-66.4836612703
828	33	27.2459566988	-66.3778021306
829	33	27.5898568039	-66.5392290798
830	33	27.3110204792	-66.3766652081
831	33	27.2383078395	-66.4051958273
832	33	28.107093048	-66.4482901821
833	33	27.5264719288	-66.905665902
834	33	27.77907581	-66.7232565727
835	33	27.6508900436	-66.5163473857
836	33	27.1930187753	-66.4287923147
837	33	27.7467257178	-66.2956316962
838	33	27.3272372385	-66.3998451538
839	33	27.5724975302	-67.0365552134
840	33	27.466547646	-66.4954107876
841	33	27.5967879461	-66.5622862161
842	33	27.612495012	-66.7082284989
843	33	27.8967542807	-66.1533485138
844	33	27.4485523317	-66.8316281977
845	33	27.4741918959	-66.0160953014
846	33	27.2757794146	-66.1951766746
847	33	27.613100757	-66.6354522043
848	33	27.3739804929	-66.7544910043
849	33	27.5496284812	-66.4977008203
850	34	-61.9635664314	43.627045845
851	34	-61.5966826048	43.5930318843
852	34	-61.9242448374	43.2538910859
853	34	-62.0153527925	43.5555140843
854	34	-61.875496777	43.3089160595
855	34	-62.1681083287	43.2121960085
856	34	-61.7684612158	43.3411997675
857	34	-61.4749577058	43.0462015658
858	34	-61.7727267881	43.1694493794
859	34	-62.2291366427	43.3469289999
860	34	-62.3515558154	43.0970118588
861	34	-61.9603745895	43.0921973583
862	34	-62.1553822461	42.9105521929
863	34	-62.2363158202	43.1728917905
864	34	-61.3879963108	43.2166154725
865	34	-61.7560639427	43.1915863261
866	34	-61.6871208679	43.2609543064
867	34	-61.8248417751	43.2808159808
868	34	-61.9168223048	43.3016398704
869	34	-61.977890476	43.0383653576
870	34	-62.3015365602	43.5856502667
871	34	-61.5076169088	43.4780169832
872	34	-61.9380769578	43.0496923287
873	34	-61.9663269897	43.693239208
874	34	-62.1161807943	43.4042559732
875	35	67.8559099115	35.6951488404
876	35	68.111138988	35.3944273103
877	35	67.7606354374	35.5821349665
878	35	68.1131041937	35.8705303793
879	35	67.8228504244	35.5352565277
880	35	67.9110559498	36.2332196883
881	35	68.0167157149	35.4641177446
882	35	68.0499782085	35.3566427168
883	35	67.6721819798	35.6490509906
884	35	67.4392921239	35.487108148
885	35	67.9345410144	35.8814828564
886	35	67.869889037	36.0648710331
887	35	67.7190676157	35.1691350665
888	35	67.590113297	36.2024457993
889	35	67.4393653328	35.359718934
890	35	67.7754661087	35.5888146975
891	35	68.0862241611	36.0686095517
892	35	67.8175530104	35.7125261826
893	35	67.3603919405	35.7951402697
894	35	67.46418445	35.3026445244
895	35	67.5936460865	35.67137603
896	35	67.2965287775	35.9149494085
897	35	68.3013190039	35.7534800115
898	35	67.8771969488	35.8754804804
899	35	67.8240430521	35.5940963056
900	36	-22.5841475188	-75.9675697933
901	36	-22.7478745949	-75.7112477785
902	36	-22.5695995416	-75.4105294074
903	36	-22.3340448389	-75.8847375353
904	36	-23.2359208604	-75.7791473964
905	36	-23.114045448	-75.8683748884
906	36	-23.1611903126	-75.4759032147
907	36	-22.3970446182	-75.9677739897
908	36	-23.1058386938	-75.8924544685
909	36	-22.7921325112	-75.7485140827
910	36	-22.4698687852	-75.4756797017
911	36	-22.4829005837	-75.6001296165
912	36	-22.8047076667	-75.7531880761
913	36	-22.791272347	-75.6770268455
914	36	-22.3917611779	-75.4624656889
915	36	-22.8651994263	-76.1577554377
916	36	-23.0988335737	-75.3761322073
917	36	-22.9649800392	-75.2658745086
918	36	-22.7533525512	-75.6604201709
919	36	-22.9173996739	-75.717725096
920	36	-22.8474707704	-75.295151252
921	36	-23.1729902648	-76.0089740263
922	36	-22.8305249959	-75.6376486531
923	36	-22.6439934315	-75.386621899
924	36	-22.919132486	-75.9697748796
925	37	-37.187799375	-72.7755872648
926	37	-37.4253950815	-72.4680810499
927	37	-37.2795021868	-72.8953318235
928	37	-37.168857995	-72.4167314353
929	37	-37.2417692196	-72.1151121613
930	37	-36.8484625509	-72.6231081149
931	37	-37.0225548351	-72.5572568078
932	37	-37.2135806655	-72.5370201966
933	37	-37.4685849394	-72.530085072
934	37	-37.113406584	-72.4871028336
935	37	-37.4592363568	-72.7514272361
936	37	-37.0845736396	-72.5513308178
937	37	-37.0610829628	-72.5116249095
938	37	-37.0499403061	-72.4659161076
939	37	-37.0789996824	-72.7673657777
940	37	-36.9964243162	-72.3339641276
941	37	-37.1610526683	-72.2741489127
942	37	-36.9611042422	-72.3737829813
943	37	-36.8675542036	-72.1478653391
944	37	-37.0097887699	-72.325966366
945	37	-36.8350354815	-72.4501499205
946	37	-37.0907953436	-72.6296501835
947	37	-36.6568086306	-72.4819379768
948	37	-37.1002142013	-72.4467565793
949	37	-37.1286930953	-72.1796153587
950	38	82.5967051482	-8.64282142
951	38	82.8975952422	-8.31353177535
952	38	82.5832200253	-8.53201515519
953	38	82.4653136191	-8.2274499135
954	38	82.51495636	-8.62991327715
955	38	82.1186543784	-8.53892264684
956	38	82.079620502	-8.42836979259
957	38	82.2502950363	-8.9777275251
958	38	82.4573431416	-8.57542588923
959	38	82.612381587	-8.48851760919
960	38	82.6169391545	-8.75157039273
961	38	82.7452964319	-8.55745614956
962	38	82.6111267198	-8.46218260109
963	38	82.7208079986	-8.54768015901
964	38	82.1363504563	-8.50695797828
965	38	82.3775764356	-8.58781233069
966	38	82.7512068567	-8.7935547323
967	38	81.9656711284	-8.52900528736
968	38	82.4701219462	-8.66416527754
969	38	82.7985016196	-8.51039220249
970	38	82.3472726914	-8.54864239115
971	38	82.4811038097	-8.63536371697
972	38	82.4334026992	-8.84857348564
973	38	82.4049162346	-8.73207061518
974	38	82.6229211508	-8.63432423742
975	39	65.0200909609	55.4127317973
976	39	65.6638413052	55.2157353781
977	39	65.5005562379	55.2460380643
978	39	65.2711454248	55.2696924238
979	39	65.3772425653	55.1995655307
980	39	65.5251168747	55.4044091914
981	39	65.5678012445	55.2987374478
982	39	65.3634600024	55.2269306951
983	39	65.3889433243	54.9487757819
984	39	65.437807393	55.1932611829
985	39	65.4799150819	55.3795295763
986	39	65.6073997077	55.0899676735
987	39	65.8786411963	55.2988573774
988	39	65.3602155589	55.2819790994
989	39	64.9372984002	55.4930789646
990	39	65.3348936012	55.6639188451
991	39	65.5635298923	54.9142838291
992	39	65.5627144601	54.7740503429
993	39	65.7072488695	55.3903376707
994	39	65.1917204979	55.4712046309
995	39	65.4699620176	54.9503314245
996	39	65.3778871091	55.1764454588
997	39	65.1210699333	55.6366100406
998	39	65.305517463	55.2891235853
999	39	65.4000390978	55.2498008397
1000	40	37.4323855557	80.0677041123
1001	40	37.4283110612	79.9975646673
1002	40	37.1237348336	79.3226321494
1003	40	37.6084029568	79.8109825254
1004	40	36.791669917	80.1785751179
1005	40	37.4263859387	79.877913546
1006	40	37.1684418263	79.9094244543
1007	40	37.3007835656	79.846750847
1008	40	37.6094196472	79.9230370071
1009	40	37.5692431098	79.9015648911
1010	40	37.6449610447	79.5457944105
1011	40	37.1648366014	79.5646968245
1012	40	37.268973615	79.8827227041
1013	40	37.1688376539	79.7661436251
1014	40	37.0946796586	80.333836391
1015	40	37.2658768471	79.7586188865
1016	40	37.4734997481	79.9339286906
1017	40	37.2164469777	79.606916161
1018	40	37.2319276976	79.6017693469
1019	40	37.1118930275	79.9719313498
1020	40	36.8576647665	80.0556145004
1021	40	37.4910111125	79.5697302158
1022	40	37.235288962	79.4274042509
1023	40	37.1782639011	79.6865140135
1024	40	37.3094406914	79.6221686034
1025	41	-89.2450838874	16.2040971074
1026	41	-89.2722790687	16.2038470296
1027	41	-89.6862911236	16.2217281865
1028	41	-89.8056246421	15.6709636574
1029	41	-89.6660947506	16.0702664387
1030	41	-89.5341203509	16.0760114371
1031	41	-89.49089079	16.2683949687
1032	41	-89.3993655468	15.6654891964
1033	41	-89.2091875853	15.8288803635
1034	41	-89.4031616569	16.3061833544
1035	41	-89.3773600866	16.1044386384
1036	41	-89.393847721	16.1660847308
1037	41	-89.5473758103	16.0652666883
1038	41	-89.6259705147	16.0193917737
1039	41	-89.4043558957	15.9976697782
1040	41	-89.0634628203	15.909591389
1041	41	-89.676215811	15.9761405554
1042	41	-89.3901753649	15.9639262406
1043	41	-89.2325033818	16.0130527786
1044	41	-89.4704989601	16.1430176856
1045	41	-89.364172829	16.0662780597
1046	41	-89.6529300834	15.6889461349
1047	41	-89.7847201571	15.6116812682
1048	41	-89.1287157533	16.2559330509
1049	41	-89.4976573497	16.0664117116
1050	42	-89.0002736568	-25.4970221069
1051	42	-88.959702086	-25.7721812325
1052	42	-89.0962220863	-25.6641824647
1053	42	-89.2280170634	-25.4294778156
1054	42	-89.7529329941	-25.7052592548
1055	42	-89.2334130088	-25.4612998729
1056	42	-89.5022967013	-25.2780332409
1057	42	-89.5002245883	-26.0338750424
1058	42	-89.2605190588	-25.7010065898
1059	42	-89.4831985338	-26.0843738696
1060	42	-89.2913342869	-25.5899619288
1061	42	-89.2744991863	-25.5901529247
1062	42	-88.9335166566	-25.3168680056
1063	42	-89.6288968064	-25.4330067978
1064	42	-89.6224801534	-25.2979921295
1065	42	-89.2154991178	-25.6558185275
1066	42	-89.2526042359	-25.5448975024
1067	42	-89.0956167668	-25.6727804187
1068	42	-89.5648552386	-25.7942437477
1069	42	-89.7206751233	-25.4936381586
1070	42	-89.2692574968	-25.7649037879
1071	42	-88.9127534428	-25.7910827378
1072	42	-89.3719256419	-25.6690036929
1073	42	-89.1545221878	-25.3773251655
1074	42	-89.5129656541	-25.8763635058
1075	43	86.7848211231	-36.4987108524
1076	43	86.5717990365	-35.9838619611
1077	43	86.4673319282	-35.8745942429
1078	43	87.1095677928	-36.2760781653
1079	43	86.6948674276	-35.4439068324
1080	43	86.7374093377	-35.4864313424
1081	43	86.7467353974	-36.5288600995
1082	43	86.7364849647	-36.3049593695
1083	43	86.4461834778	-35.8815866829
1084	43	86.9552854502	-36.3013499391
1085	43	86.2124319852	-36.1249462863
1086	43	86.8582460604	-36.1074840941
1087	43	86.7146354701	-35.7472174203
1088	43	86.706953867	-36.0128860277
1089	43	86.5992401866	-35.5332131835
1090	43	86.2973738579	-36.2741325175
1091	43	86.4584511457	-36.3466771634
1092	43	86.4538738528	-35.5533592655
1093	43	86.7764644027	-35.7830528619
1094	43	86.7127484452	-36.0972543489
1095	43	86.7254208571	-35.9858147859
1096	43	86.7446726223	-35.9117703173
1097	43	86.6387293386	-36.2538977405
1098	43	86.6514516324	-35.8381178106
1099	43	86.8544660871	-35.8466033759
1100	44	-22.3235691784	-94.0070229281
1101	44	-22.0517438087	-93.7117948471
1102	44	-22.5760432458	-94.0059772463
1103	44	-22.2627015634	-94.1585841453
1104	44	-22.1623223629	-94.1007028625
1105	44	-22.3871367413	-94.2734935594
1106	44	-22.4518677706	-94.0154333223
1107	44	-21.9953936031	-93.5695527505
1108	44	-22.5188692145	-94.3293915098
1109	44	-22.7953834351	-93.9373403749
1110	44	-22.5597364995	-94.4056350126
1111	44	-22.2545513737	-94.3824566787
1112	44	-22.363708633	-94.062855989
1113	44	-22.0962328732	-94.4407420368
1114	44	-22.6015649787	-93.7453576055
1115	44	-22.4606421487	-93.6900027532
1116	44	-22.3195340066	-93.9854596764
1117	44	-22.1555332283	-93.9986422074
1118	44	-22.317684527	-94.0311374287
1119	44	-22.8419466618	-93.8299626989
1120	44	-22.312885193	-94.041667803
1121	44	-22.3101577708	-93.9654817108
1122	44	-22.291195576	-93.8131010883
1123	44	-22.2839618444	-94.0027533122
1124	44	-22.2444063279	-94.3136420732
1125	45	66.9008111019	-71.9991374367
1126	45	66.7571143501	-72.1801577683
1127	45	66.8226642218	-72.2265822508
1128	45	67.2891659555	-72.1884811293
1129	45	66.7910618981	-72.2127284034
1130	45	66.7859316355	-72.1796968422
1131	45	66.7959900302	-72.4718731707
1132	45	66.38484991	-72.1634032338
1133	45	67.1700090306	-71.9639216141
1134	45	66.7589310216	-72.3295005913
1135	45	66.8809882015	-71.8339439025
1136	45	66.6919823062	-72.2300959596
1137	45	66.9461103942	-72.1769665709
1138	45	66.797042865	-72.5034110343
1139	45	66.7142175257	-71.9338348608
1140	45	67.0153517948	-71.9037313439
1141	45	66.9903112377	-72.1307199723
1142	45	67.2618852187	-72.1728249702
1143	45	66.6398528204	-72.548604984
1144	45	66.5412025574	-72.5111563546
1145	45	66.5814059419	-72.3719779051
1146	45	67.0720896866	-71.7953261558
1147	45	66.6764391459	-71.9288334605
1148	45	66.829637709	-72.5698619922
1149	45	66.8377128778	-72.3505196968
1150	46	92.4596927767	-39.4538417581
1151	46	92.3961579642	-39.4963936566
1152	46	92.3826807965	-39.6255212003
1153	46	92.6163074952	-39.5178026055
1154	46	92.2505897928	-39.9034689932
1155	46	92.4067171841	-39.7420442201
1156	46	92.7616752949	-39.4336672848
1157	46	92.0598221397	-39.3886538246
1158	46	92.25661319	-39.312511646
1159	46	92.4210830319	-39.4910405021
1160	46	92.7388529768	-39.2149110746
1161	46	92.6070271438	-39.2693487815
1162	46	92.615876053	-39.7257374031
1163	46	91.9832202793	-39.4703173849
1164	46	92.4185669568	-39.7883511358
1165	46	92.6725492162	-39.2085935814
1166	46	92.8632169777	-39.2061909193
1167	46	92.4735400241	-39.8368882928
1168	46	92.4555648247	-39.8544038881
1169	46	92.5795298696	-39.4500740578
1170	46	92.5395517963	-39.4816950094
1171	46	92.1714231582	-39.8227103893
1172	46	92.2140746815	-39.9346592622
1173	46	92.5588746843	-39.343293318
1174	46	92.614203989	-39.8049392374
1175	47	65.1278020468	80.3526213686
1176	47	64.8586249391	80.1967323669
1177	47	65.0323595991	79.8347306837
1178	47	64.9947512826	80.2894967752
1179	47	64.8720005443	80.0189592649
1180	47	64.9596400055	80.2553662437
1181	47	65.1225575409	79.9543714627
1182	47	65.242397197	80.6739205816
1183	47	64.657003867	80.3154007349
1184	47	65.0902814789	80.2612549981
1185	47	65.3788537629	80.2623729864
1186	47	65.167291708	79.9866158155
1187	47	65.324753702	79.8909725479
1188	47	65.4141942773	80.482101246
1189	47	65.0070823974	80.3482031364
1190	47	64.5290710512	80.0386750312
1191	47	65.1922265976	80.4418600542
1192	47	65.0420742317	80.7266867549
1193	47	64.8300116613	80.6573153931
1194	47	65.2066626647	79.8208548527
1195	47	64.952601209	80.296926145
1196	47	65.0280863164	80.4792580674
1197	47	64.6307204754	80.1460369439
1198	47	64.9828117834	80.2916604601
1199	47	65.1100136462	80.4041837725
1200	48	-74.5514160052	75.4611421549
1201	48	-74.6675801721	75.703467347
1202	48	-74.6969920659	75.7367316541
1203	48	-75.041525545	75.7498445312
1204	48	-74.7331368405	76.2590999005
1205	48	-74.8978848523	75.7441447999
1206	48	-74.6428518159	75.9759282612
1207	48	-74.7952746887	75.8626185683
1208	48	-74.6541845987	75.6857541461
1209	48	-74.927171962	75.7355850269
1210	48	-74.1542478591	75.9178767457
1211	48	-74.6437010283	75.6255887632
1212	48	-74.5036592348	75.7912545777
1213	48	-74.7849159603	75.8673772155
1214	48	-74.8147743425	75.6561351038
1215	48	-74.539213589	75.3984634793
1216	48	-74.5581495296	75.8252147737
1217	48	-74.6284078098	75.7703793553
1218	48	-74.676938484	75.6413796217
1219	48	-75.1888553395	75.6722618549
1220	48	-74.6323066678	75.840758443
1221	48	-74.4975421513	75.5532270244
1222	48	-74.6503210539	75.7901983261
1223	48	-74.1935108545	75.4854839416
1224	48	-74.7474733794	75.3282023223
1225	49	0.437103293682	108.182763558
1226	49	0.765423454645	108.284311574
1227	49	0.581881469063	108.551942746
1228	49	0.543857135245	107.990338847
1229	49	0.437941366818	108.28583742
1230	49	0.666465891012	108.035061602
1231	49	0.160655475829	107.802002483
1232	49	0.299426640572	108.346778492
1233	49	0.636330757232	107.961117731
1234	49	0.442111366074	108.260287394
1235	49	0.503846714084	108.343844401
1236	49	0.754072099805	107.825002214
1237	49	0.582481178233	108.145093795
1238	49	0.476888347336	107.95475885
1239	49	0.267261358676	108.186476862
1240	49	0.590137860661	108.570660764
1241	49	0.369762383935	107.879618125
1242	49	0.429651218533	108.157271932
1243	49	0.294501666141	107.856952388
1244	49	0.336136791371	107.916906134
1245	49	-0.0216940044421	108.215309154
1246	49	0.540737280619	108.274258123
1247	49	0.0634905871064	108.59471052
1248	49	0.243093264986	108.199573843
1249	49	0.230180706368	108.485297129
